User country,Nr. reviews,Nr. hotel reviews,Helpful votes,Score,Period of stay,Traveler type,Pool,Gym,Tennis court,Spa,Casino,Free internet,Hotel name,Hotel stars,Nr. rooms,User continent,Member years,Review month,Review weekday,Review weekday_N
USA,11,4,13,5,Dec-Feb,Friends,NO,YES,NO,NO,YES,YES,Circus Circus Hotel & Casino Las Vegas,3,3773,North America,9,January,Thursday,4
USA,119,21,75,3,Dec-Feb,Business,NO,YES,NO,NO,YES,YES,Circus Circus Hotel & Casino Las Vegas,3,3773,North America,3,January,Friday,5
USA,36,9,25,5,Mar-May,Families,NO,YES,NO,NO,YES,YES,Circus Circus Hotel & Casino Las Vegas,3,3773,North America,2,February,Saturday,6
UK,14,7,14,4,Mar-May,Friends,NO,YES,NO,NO,YES,YES,Circus Circus Hotel & Casino Las Vegas,3,3773,Europe,6,February,Friday,5
Canada,5,5,2,4,Mar-May,Solo,NO,YES,NO,NO,YES,YES,Circus Circus Hotel & Casino Las Vegas,3,3773,North America,7,March,Tuesday,2
Canada,31,8,27,3,Mar-May,Couples,NO,YES,NO,NO,YES,YES,Circus Circus Hotel & Casino Las Vegas,3,3773,North America,2,March,Tuesday,2
UK,45,12,46,4,Mar-May,Couples,NO,YES,NO,NO,YES,YES,Circus Circus Hotel & Casino Las Vegas,3,3773,Europe,4,April,Friday,5
USA,2,1,4,4,Mar-May,Families,NO,YES,NO,NO,YES,YES,Circus Circus Hotel & Casino Las Vegas,3,3773,North America,0,April,Tuesday,2
India,24,3,8,4,Mar-May,Friends,NO,YES,NO,NO,YES,YES,Circus Circus Hotel & Casino Las Vegas,3,3773,Asia,3,May,Saturday,6
Canada,12,7,11,3,Mar-May,Families,NO,YES,NO,NO,YES,YES,Circus Circus Hotel & Casino Las Vegas,3,3773,North America,5,May,Tuesday,2
USA,102,24,58,2,Jun-Aug,Families,NO,YES,NO,NO,YES,YES,Circus Circus Hotel & Casino Las Vegas,3,3773,North America,9,June,Friday,5
Australia,20,9,24,3,Jun-Aug,Friends,NO,YES,NO,NO,YES,YES,Circus Circus Hotel & Casino Las Vegas,3,3773,Oceania,4,June,Saturday,6
USA,7,6,9,2,Jun-Aug,Friends,NO,YES,NO,NO,YES,YES,Circus Circus Hotel & Casino Las Vegas,3,3773,North America,1,July,Wednesday,3
USA,22,5,13,3,Jun-Aug,Friends,NO,YES,NO,NO,YES,YES,Circus Circus Hotel & Casino Las Vegas,3,3773,North America,1,July,Thursday,4
UK,3,3,0,3,Jun-Aug,Friends,NO,YES,NO,NO,YES,YES,Circus Circus Hotel & Casino Las Vegas,3,3773,Europe,1,August,Sunday,7
New Zeland,146,17,33,4,Jun-Aug,Families,NO,YES,NO,NO,YES,YES,Circus Circus Hotel & Casino Las Vegas,3,3773,Oceania,2,August,Saturday,6
Canada,8,8,9,1,Sep-Nov,Families,NO,YES,NO,NO,YES,YES,Circus Circus Hotel & Casino Las Vegas,3,3773,North America,4,September,Wednesday,3
USA,9,3,1,4,Sep-Nov,Families,NO,YES,NO,NO,YES,YES,Circus Circus Hotel & Casino Las Vegas,3,3773,North America,2,September,Saturday,6
Canada,41,9,19,3,Sep-Nov,Couples,NO,YES,NO,NO,YES,YES,Circus Circus Hotel & Casino Las Vegas,3,3773,North America,2,October,Tuesday,2
USA,8,7,26,2,Sep-Nov,Couples,NO,YES,NO,NO,YES,YES,Circus Circus Hotel & Casino Las Vegas,3,3773,North America,10,October,Monday,1
UK,10,5,2,4,Sep-Nov,Couples,NO,YES,NO,NO,YES,YES,Circus Circus Hotel & Casino Las Vegas,3,3773,Europe,7,November,Saturday,6
New Zeland,4,3,3,1,Sep-Nov,Couples,NO,YES,NO,NO,YES,YES,Circus Circus Hotel & Casino Las Vegas,3,3773,Oceania,3,November,Monday,1
UK,18,7,19,4,Dec-Feb,Families,NO,YES,NO,NO,YES,YES,Circus Circus Hotel & Casino Las Vegas,3,3773,Europe,0,December,Saturday,6
USA,4,4,3,2,Dec-Feb,Couples,NO,YES,NO,NO,YES,YES,Circus Circus Hotel & Casino Las Vegas,3,3773,North America,5,December,Sunday,7
Ireland,29,11,15,4,Dec-Feb,Couples,YES,YES,NO,YES,YES,YES,Excalibur Hotel & Casino,3,3981,Europe,3,January,Monday,1
USA,114,42,52,4,Dec-Feb,Business,YES,YES,NO,YES,YES,YES,Excalibur Hotel & Casino,3,3981,North America,11,January,Saturday,6
Canada,30,12,17,5,Dec-Feb,Couples,YES,YES,NO,YES,YES,YES,Excalibur Hotel & Casino,3,3981,North America,8,February,Friday,5
UK,87,18,36,3,Dec-Feb,Business,YES,YES,NO,YES,YES,YES,Excalibur Hotel & Casino,3,3981,Europe,3,February,Thursday,4
USA,26,10,28,5,Mar-May,Solo,YES,YES,NO,YES,YES,YES,Excalibur Hotel & Casino,3,3981,North America,1,March,Wednesday,3
Ireland,8,7,9,5,Mar-May,Couples,YES,YES,NO,YES,YES,YES,Excalibur Hotel & Casino,3,3981,Europe,8,March,Wednesday,3
Canada,11,8,13,5,Mar-May,Couples,YES,YES,NO,YES,YES,YES,Excalibur Hotel & Casino,3,3981,North America,7,April,Friday,5
Australia,4,3,2,3,Mar-May,Couples,YES,YES,NO,YES,YES,YES,Excalibur Hotel & Casino,3,3981,Oceania,0,April,Friday,5
Canada,56,8,7,3,Mar-May,Solo,YES,YES,NO,YES,YES,YES,Excalibur Hotel & Casino,3,3981,North America,1,May,Tuesday,2
Egypt,13,12,8,3,Mar-May,Friends,YES,YES,NO,YES,YES,YES,Excalibur Hotel & Casino,3,3981,Africa,4,May,Wednesday,3
Australia,58,9,15,4,Jun-Aug,Couples,YES,YES,NO,YES,YES,YES,Excalibur Hotel & Casino,3,3981,Oceania,0,June,Saturday,6
Finland,20,7,4,3,Jun-Aug,Couples,YES,YES,NO,YES,YES,YES,Excalibur Hotel & Casino,3,3981,Europe,6,June,Saturday,6
USA,70,27,24,4,Jun-Aug,Friends,YES,YES,NO,YES,YES,YES,Excalibur Hotel & Casino,3,3981,North America,6,July,Friday,5
Kenya,6,3,7,4,Jun-Aug,Friends,YES,YES,NO,YES,YES,YES,Excalibur Hotel & Casino,3,3981,Africa,1,July,Thursday,4
USA,290,263,299,4,Jun-Aug,Couples,YES,YES,NO,YES,YES,YES,Excalibur Hotel & Casino,3,3981,North America,10,August,Monday,1
USA,24,6,9,2,Jun-Aug,Families,YES,YES,NO,YES,YES,YES,Excalibur Hotel & Casino,3,3981,North America,2,August,Wednesday,3
Jordan,29,8,21,3,Sep-Nov,Business,YES,YES,NO,YES,YES,YES,Excalibur Hotel & Casino,3,3981,Europe,2,September,Wednesday,3
Canada,20,5,59,3,Sep-Nov,Couples,YES,YES,NO,YES,YES,YES,Excalibur Hotel & Casino,3,3981,North America,8,September,Saturday,6
Netherlands,3,3,3,3,Sep-Nov,Families,YES,YES,NO,YES,YES,YES,Excalibur Hotel & Casino,3,3981,Europe,4,October,Saturday,6
Ireland,47,6,27,4,Sep-Nov,Friends,YES,YES,NO,YES,YES,YES,Excalibur Hotel & Casino,3,3981,Europe,5,October,Monday,1
USA,35,8,19,4,Sep-Nov,Families,YES,YES,NO,YES,YES,YES,Excalibur Hotel & Casino,3,3981,North America,6,November,Sunday,7
UK,6,0,4,4,Sep-Nov,Friends,YES,YES,NO,YES,YES,YES,Excalibur Hotel & Casino,3,3981,Europe,1,November,Sunday,7
UK,74,47,54,4,Dec-Feb,Couples,YES,YES,NO,YES,YES,YES,Excalibur Hotel & Casino,3,3981,Europe,7,December,Wednesday,3
Syria,34,8,30,3,Dec-Feb,Solo,YES,YES,NO,YES,YES,YES,Excalibur Hotel & Casino,3,3981,Asia,4,December,Tuesday,2
UK,576,43,340,3,Dec-Feb,Couples,YES,YES,NO,YES,YES,NO,Monte Carlo Resort&Casino,4,3003,Europe,3,January,Monday,1
USA,20,8,11,4,Dec-Feb,Solo,YES,YES,NO,YES,YES,NO,Monte Carlo Resort&Casino,4,3003,North America,5,January,Saturday,6
USA,418,32,132,2,Dec-Feb,Couples,YES,YES,NO,YES,YES,NO,Monte Carlo Resort&Casino,4,3003,North America,3,February,Tuesday,2
USA,73,13,22,4,Dec-Feb,Couples,YES,YES,NO,YES,YES,NO,Monte Carlo Resort&Casino,4,3003,North America,2,February,Tuesday,2
Canada,30,10,32,3,Mar-May,Couples,YES,YES,NO,YES,YES,NO,Monte Carlo Resort&Casino,4,3003,North America,2,March,Wednesday,3
USA,63,15,17,4,Mar-May,Business,YES,YES,NO,YES,YES,NO,Monte Carlo Resort&Casino,4,3003,North America,2,March,Tuesday,2
Scotland,24,10,13,5,Mar-May,Couples,YES,YES,NO,YES,YES,NO,Monte Carlo Resort&Casino,4,3003,Europe,5,April,Wednesday,3
South Africa,54,18,16,2,Mar-May,Business,YES,YES,NO,YES,YES,NO,Monte Carlo Resort&Casino,4,3003,Africa,5,April,Tuesday,2
Australia,20,7,11,4,Mar-May,Couples,YES,YES,NO,YES,YES,NO,Monte Carlo Resort&Casino,4,3003,Oceania,2,May,Friday,5
UK,41,7,24,4,Mar-May,Couples,YES,YES,NO,YES,YES,NO,Monte Carlo Resort&Casino,4,3003,Europe,3,May,Monday,1
Ireland,7,5,7,4,Jun-Aug,Couples,YES,YES,NO,YES,YES,NO,Monte Carlo Resort&Casino,4,3003,Europe,9,June,Tuesday,2
Canada,13,9,15,4,Jun-Aug,Friends,YES,YES,NO,YES,YES,NO,Monte Carlo Resort&Casino,4,3003,North America,1,June,Monday,1
UK,10,5,4,4,Jun-Aug,Families,YES,YES,NO,YES,YES,NO,Monte Carlo Resort&Casino,4,3003,Europe,1,July,Friday,5
New Zeland,9,6,19,3,Jun-Aug,Couples,YES,YES,NO,YES,YES,NO,Monte Carlo Resort&Casino,4,3003,Oceania,7,July,Wednesday,3
Swiss,36,19,36,2,Jun-Aug,Solo,YES,YES,NO,YES,YES,NO,Monte Carlo Resort&Casino,4,3003,Europe,5,August,Thursday,4
UK,33,12,19,3,Jun-Aug,Families,YES,YES,NO,YES,YES,NO,Monte Carlo Resort&Casino,4,3003,Europe,5,August,Saturday,6
United Arab Emirates,156,126,142,3,Sep-Nov,Friends,YES,YES,NO,YES,YES,NO,Monte Carlo Resort&Casino,4,3003,Asia,8,September,Friday,5
Ireland,19,17,16,4,Sep-Nov,Couples,YES,YES,NO,YES,YES,NO,Monte Carlo Resort&Casino,4,3003,Europe,5,September,Wednesday,3
USA,23,17,11,3,Sep-Nov,Families,YES,YES,NO,YES,YES,NO,Monte Carlo Resort&Casino,4,3003,North America,1,October,Friday,5
USA,13,3,3,2,Sep-Nov,Couples,YES,YES,NO,YES,YES,NO,Monte Carlo Resort&Casino,4,3003,North America,1,October,Sunday,7
Hungary,8,5,8,4,Sep-Nov,Couples,YES,YES,NO,YES,YES,NO,Monte Carlo Resort&Casino,4,3003,Europe,8,November,Friday,5
China,1,0,2,1,Sep-Nov,Business,YES,YES,NO,YES,YES,NO,Monte Carlo Resort&Casino,4,3003,Asia,0,November,Wednesday,3
Greece,21,18,6,2,Dec-Feb,Business,YES,YES,NO,YES,YES,NO,Monte Carlo Resort&Casino,4,3003,Europe,0,December,Sunday,7
Mexico,56,14,36,5,Dec-Feb,Couples,YES,YES,NO,YES,YES,NO,Monte Carlo Resort&Casino,4,3003,North America,3,December,Monday,1
Croatia,29,11,14,3,Dec-Feb,Business,YES,YES,YES,YES,YES,YES,Treasure Island- TI Hotel & Casino,4,2884,Europe,6,January,Sunday,7
Australia,11,5,8,4,Dec-Feb,Couples,YES,YES,YES,YES,YES,YES,Treasure Island- TI Hotel & Casino,4,2884,Oceania,1,January,Thursday,4
Canada,19,12,167,4,Dec-Feb,Friends,YES,YES,YES,YES,YES,YES,Treasure Island- TI Hotel & Casino,4,2884,North America,9,February,Monday,1
USA,17,9,16,5,Dec-Feb,Solo,YES,YES,YES,YES,YES,YES,Treasure Island- TI Hotel & Casino,4,2884,North America,-1806,February,Monday,1
USA,43,8,20,4,Mar-May,Couples,YES,YES,YES,YES,YES,YES,Treasure Island- TI Hotel & Casino,4,2884,North America,1,March,Friday,5
Canada,12,8,3,4,Mar-May,Friends,YES,YES,YES,YES,YES,YES,Treasure Island- TI Hotel & Casino,4,2884,North America,2,March,Saturday,6
USA,15,14,7,4,Mar-May,Friends,YES,YES,YES,YES,YES,YES,Treasure Island- TI Hotel & Casino,4,2884,North America,9,April,Tuesday,2
Australia,16,13,16,3,Mar-May,Families,YES,YES,YES,YES,YES,YES,Treasure Island- TI Hotel & Casino,4,2884,Oceania,6,April,Wednesday,3
India,12,4,25,3,Mar-May,Families,YES,YES,YES,YES,YES,YES,Treasure Island- TI Hotel & Casino,4,2884,Asia,1,May,Friday,5
Germany,10,0,5,4,Mar-May,Friends,YES,YES,YES,YES,YES,YES,Treasure Island- TI Hotel & Casino,4,2884,Europe,3,May,Sunday,7
USA,27,17,16,3,Jun-Aug,Families,YES,YES,YES,YES,YES,YES,Treasure Island- TI Hotel & Casino,4,2884,North America,6,June,Thursday,4
Canada,6,5,5,4,Jun-Aug,Couples,YES,YES,YES,YES,YES,YES,Treasure Island- TI Hotel & Casino,4,2884,North America,2,June,Tuesday,2
Australia,21,20,14,5,Jun-Aug,Couples,YES,YES,YES,YES,YES,YES,Treasure Island- TI Hotel & Casino,4,2884,Oceania,3,July,Wednesday,3
Malaysia,43,14,27,4,Jun-Aug,Solo,YES,YES,YES,YES,YES,YES,Treasure Island- TI Hotel & Casino,4,2884,Asia,5,July,Thursday,4
Mexico,97,31,37,4,Jun-Aug,Couples,YES,YES,YES,YES,YES,YES,Treasure Island- TI Hotel & Casino,4,2884,South America,8,August,Saturday,6
UK,7,3,4,4,Jun-Aug,Couples,YES,YES,YES,YES,YES,YES,Treasure Island- TI Hotel & Casino,4,2884,Europe,5,August,Friday,5
UK,11,9,6,3,Sep-Nov,Couples,YES,YES,YES,YES,YES,YES,Treasure Island- TI Hotel & Casino,4,2884,Europe,0,September,Friday,5
USA,78,11,30,4,Sep-Nov,Business,YES,YES,YES,YES,YES,YES,Treasure Island- TI Hotel & Casino,4,2884,North America,2,September,Tuesday,2
Australia,12,7,4,5,Sep-Nov,Families,YES,YES,YES,YES,YES,YES,Treasure Island- TI Hotel & Casino,4,2884,Oceania,5,October,Monday,1
USA,27,11,5,3,Sep-Nov,Couples,YES,YES,YES,YES,YES,YES,Treasure Island- TI Hotel & Casino,4,2884,North America,2,October,Monday,1
Thailand,4,3,1,5,Sep-Nov,Couples,YES,YES,YES,YES,YES,YES,Treasure Island- TI Hotel & Casino,4,2884,Asia,7,November,Friday,5
Australia,27,9,8,4,Sep-Nov,Families,YES,YES,YES,YES,YES,YES,Treasure Island- TI Hotel & Casino,4,2884,Oceania,2,November,Friday,5
Canada,12,3,7,4,Dec-Feb,Friends,YES,YES,YES,YES,YES,YES,Treasure Island- TI Hotel & Casino,4,2884,North America,4,December,Saturday,6
Canada,21,16,48,5,Dec-Feb,Couples,YES,YES,YES,YES,YES,YES,Treasure Island- TI Hotel & Casino,4,2884,North America,12,December,Thursday,4
UK,34,17,30,4,Dec-Feb,Families,YES,YES,YES,YES,YES,YES,Tropicana Las Vegas - A Double Tree by Hilton Hotel,4,1467,Europe,8,January,Sunday,7
USA,12,6,1,5,Dec-Feb,Friends,YES,YES,YES,YES,YES,YES,Tropicana Las Vegas - A Double Tree by Hilton Hotel,4,1467,North America,2,January,Sunday,7
Phillippines,79,39,51,3,Dec-Feb,Couples,YES,YES,YES,YES,YES,YES,Tropicana Las Vegas - A Double Tree by Hilton Hotel,4,1467,Asia,5,February,Wednesday,3
Israel,18,10,16,3,Dec-Feb,Business,YES,YES,YES,YES,YES,YES,Tropicana Las Vegas - A Double Tree by Hilton Hotel,4,1467,Asia,2,February,Thursday,4
Canada,13,3,8,4,Mar-May,Business,YES,YES,YES,YES,YES,YES,Tropicana Las Vegas - A Double Tree by Hilton Hotel,4,1467,North America,3,March,Wednesday,3
UK,14,4,9,4,Mar-May,Couples,YES,YES,YES,YES,YES,YES,Tropicana Las Vegas - A Double Tree by Hilton Hotel,4,1467,Europe,1,March,Friday,5
Ireland,19,9,28,5,Mar-May,Couples,YES,YES,YES,YES,YES,YES,Tropicana Las Vegas - A Double Tree by Hilton Hotel,4,1467,Europe,3,April,Friday,5
India ,88,15,103,4,Mar-May,Business,YES,YES,YES,YES,YES,YES,Tropicana Las Vegas - A Double Tree by Hilton Hotel,4,1467,Asia,3,April,Monday,1
New Zeland,8,4,0,4,Mar-May,Couples,YES,YES,YES,YES,YES,YES,Tropicana Las Vegas - A Double Tree by Hilton Hotel,4,1467,Oceania,1,May,Tuesday,2
Belgium,39,15,31,3,Mar-May,Friends,YES,YES,YES,YES,YES,YES,Tropicana Las Vegas - A Double Tree by Hilton Hotel,4,1467,Europe,1,May,Sunday,7
UK,130,41,61,4,Jun-Aug,Business,YES,YES,YES,YES,YES,YES,Tropicana Las Vegas - A Double Tree by Hilton Hotel,4,1467,Europe,3,June,Tuesday,2
Australia,79,78,105,4,Jun-Aug,Friends,YES,YES,YES,YES,YES,YES,Tropicana Las Vegas - A Double Tree by Hilton Hotel,4,1467,Oceania,7,June,Wednesday,3
UK,13,10,16,4,Jun-Aug,Solo,YES,YES,YES,YES,YES,YES,Tropicana Las Vegas - A Double Tree by Hilton Hotel,4,1467,Europe,10,July,Wednesday,3
UK,18,6,17,4,Jun-Aug,Couples,YES,YES,YES,YES,YES,YES,Tropicana Las Vegas - A Double Tree by Hilton Hotel,4,1467,Europe,1,July,Monday,1
New Zeland,8,7,3,5,Jun-Aug,Friends,YES,YES,YES,YES,YES,YES,Tropicana Las Vegas - A Double Tree by Hilton Hotel,4,1467,Oceania,1,August,Saturday,6
Australia,15,4,6,5,Jun-Aug,Couples,YES,YES,YES,YES,YES,YES,Tropicana Las Vegas - A Double Tree by Hilton Hotel,4,1467,Oceania,0,August,Friday,5
Canada,27,0,9,1,Sep-Nov,Couples,YES,YES,YES,YES,YES,YES,Tropicana Las Vegas - A Double Tree by Hilton Hotel,4,1467,North America,0,September,Tuesday,2
Australia,5,3,2,5,Sep-Nov,Couples,YES,YES,YES,YES,YES,YES,Tropicana Las Vegas - A Double Tree by Hilton Hotel,4,1467,Oceania,5,September,Wednesday,3
UK,22,6,6,5,Sep-Nov,Friends,YES,YES,YES,YES,YES,YES,Tropicana Las Vegas - A Double Tree by Hilton Hotel,4,1467,Europe,1,October,Tuesday,2
USA,5,3,11,2,Sep-Nov,Friends,YES,YES,YES,YES,YES,YES,Tropicana Las Vegas - A Double Tree by Hilton Hotel,4,1467,North America,1,October,Thursday,4
India,31,8,11,4,Sep-Nov,Solo,YES,YES,YES,YES,YES,YES,Tropicana Las Vegas - A Double Tree by Hilton Hotel,4,1467,Asia,1,November,Sunday,7
Netherlands,33,8,8,5,Sep-Nov,Friends,YES,YES,YES,YES,YES,YES,Tropicana Las Vegas - A Double Tree by Hilton Hotel,4,1467,Europe,7,November,Saturday,6
UK,10,6,11,5,Dec-Feb,Couples,YES,YES,YES,YES,YES,YES,Tropicana Las Vegas - A Double Tree by Hilton Hotel,4,1467,Europe,4,December,Saturday,6
UK,12,3,3,5,Dec-Feb,Families,YES,YES,YES,YES,YES,YES,Tropicana Las Vegas - A Double Tree by Hilton Hotel,4,1467,Europe,4,December,Thursday,4
USA,50,14,24,5,Dec-Feb,Friends,YES,YES,NO,YES,YES,YES,Caesars Palace,5,3348,North America,7,January,Wednesday,3
USA,161,33,85,4,Dec-Feb,Couples,YES,YES,NO,YES,YES,YES,Caesars Palace,5,3348,North America,3,January,Friday,5
Puerto Rico,153,38,81,5,Dec-Feb,Families,YES,YES,NO,YES,YES,YES,Caesars Palace,5,3348,North America,10,February,Tuesday,2
Canada,14,3,12,5,Dec-Feb,Families,YES,YES,NO,YES,YES,YES,Caesars Palace,5,3348,North America,2,February,Thursday,4
USA,31,12,10,5,Mar-May,Families,YES,YES,NO,YES,YES,YES,Caesars Palace,5,3348,North America,4,March,Friday,5
USA,15,10,29,3,Mar-May,Families,YES,YES,NO,YES,YES,YES,Caesars Palace,5,3348,North America,9,March,Friday,5
Canada,5,5,4,5,Mar-May,Couples,YES,YES,NO,YES,YES,YES,Caesars Palace,5,3348,North America,3,April,Thursday,4
USA,46,4,21,4,Mar-May,Couples,YES,YES,NO,YES,YES,YES,Caesars Palace,5,3348,North America,2,April,Saturday,6
UK,15,6,39,1,Mar-May,Couples,YES,YES,NO,YES,YES,YES,Caesars Palace,5,3348,Europe,4,May,Sunday,7
UK,63,27,35,4,Mar-May,Couples,YES,YES,NO,YES,YES,YES,Caesars Palace,5,3348,Europe,5,May,Wednesday,3
USA,17,15,13,4,Jun-Aug,Couples,YES,YES,NO,YES,YES,YES,Caesars Palace,5,3348,North America,2,June,Sunday,7
USA,25,22,36,1,Jun-Aug,Solo,YES,YES,NO,YES,YES,YES,Caesars Palace,5,3348,North America,9,June,Tuesday,2
USA,14,8,4,5,Jun-Aug,Couples,YES,YES,NO,YES,YES,YES,Caesars Palace,5,3348,North America,1,July,Monday,1
UK,59,56,37,3,Jun-Aug,Families,YES,YES,NO,YES,YES,YES,Caesars Palace,5,3348,Europe,6,July,Tuesday,2
UK,11,10,17,5,Jun-Aug,Families,YES,YES,NO,YES,YES,YES,Caesars Palace,5,3348,Europe,3,August,Friday,5
Canada,54,18,31,4,Jun-Aug,Friends,YES,YES,NO,YES,YES,YES,Caesars Palace,5,3348,North America,5,August,Wednesday,3
USA,4,3,4,5,Sep-Nov,Couples,YES,YES,NO,YES,YES,YES,Caesars Palace,5,3348,North America,3,September,Monday,1
USA,10,7,7,5,Sep-Nov,Couples,YES,YES,NO,YES,YES,YES,Caesars Palace,5,3348,North America,3,September,Tuesday,2
USA,14,6,7,5,Sep-Nov,Business,YES,YES,NO,YES,YES,YES,Caesars Palace,5,3348,North America,11,October,Sunday,7
USA,39,12,16,5,Sep-Nov,Friends,YES,YES,NO,YES,YES,YES,Caesars Palace,5,3348,North America,2,October,Thursday,4
Australia,35,24,43,5,Sep-Nov,Couples,YES,YES,NO,YES,YES,YES,Caesars Palace,5,3348,Oceania,4,November,Sunday,7
Australia,6,6,9,3,Sep-Nov,Families,YES,YES,NO,YES,YES,YES,Caesars Palace,5,3348,Oceania,0,November,Sunday,7
USA,23,7,2,4,Dec-Feb,Families,YES,YES,NO,YES,YES,YES,Caesars Palace,5,3348,North America,3,December,Friday,5
USA,48,21,67,4,Dec-Feb,Couples,YES,YES,NO,YES,YES,YES,Caesars Palace,5,3348,North America,13,December,Sunday,7
Australia,16,9,14,4,Dec-Feb,Friends,YES,YES,NO,YES,YES,YES,The Cosmopolitan Las Vegas,5,2959,Oceania,3,January,Thursday,4
Australia,12,6,3,5,Dec-Feb,Friends,YES,YES,NO,YES,YES,YES,The Cosmopolitan Las Vegas,5,2959,Oceania,1,January,Thursday,4
Switzerland,36,9,15,4,Dec-Feb,Friends,YES,YES,NO,YES,YES,YES,The Cosmopolitan Las Vegas,5,2959,Europe,2,February,Saturday,6
UK,127,40,80,5,Dec-Feb,Couples,YES,YES,NO,YES,YES,YES,The Cosmopolitan Las Vegas,5,2959,Europe,8,February,Wednesday,3
USA,12,5,1,5,Mar-May,Couples,YES,YES,NO,YES,YES,YES,The Cosmopolitan Las Vegas,5,2959,North America,1,March,Monday,1
USA,17,17,74,5,Mar-May,Couples,YES,YES,NO,YES,YES,YES,The Cosmopolitan Las Vegas,5,2959,North America,10,March,Saturday,6
Ireland,23,7,21,4,Mar-May,Friends,YES,YES,NO,YES,YES,YES,The Cosmopolitan Las Vegas,5,2959,Europe,7,April,Thursday,4
USA,102,17,45,5,Mar-May,Business,YES,YES,NO,YES,YES,YES,The Cosmopolitan Las Vegas,5,2959,North America,2,April,Monday,1
Germany,113,15,55,5,Mar-May,Families,YES,YES,NO,YES,YES,YES,The Cosmopolitan Las Vegas,5,2959,Europe,8,May,Thursday,4
USA,30,8,10,2,Mar-May,Business,YES,YES,NO,YES,YES,YES,The Cosmopolitan Las Vegas,5,2959,North America,1,May,Wednesday,3
Germany,24,24,24,2,Jun-Aug,Couples,YES,YES,NO,YES,YES,YES,The Cosmopolitan Las Vegas,5,2959,Europe,7,June,Wednesday,3
Ireland,15,5,18,5,Jun-Aug,Friends,YES,YES,NO,YES,YES,YES,The Cosmopolitan Las Vegas,5,2959,Europe,3,June,Wednesday,3
USA,6,4,14,1,Jun-Aug,Business,YES,YES,NO,YES,YES,YES,The Cosmopolitan Las Vegas,5,2959,North America,1,July,Wednesday,3
Australia,3,3,0,4,Jun-Aug,Friends,YES,YES,NO,YES,YES,YES,The Cosmopolitan Las Vegas,5,2959,Oceania,7,July,Tuesday,2
Canada,41,10,56,5,Jun-Aug,Families,YES,YES,NO,YES,YES,YES,The Cosmopolitan Las Vegas,5,2959,North America,4,August,Saturday,6
USA,19,8,56,4,Jun-Aug,Couples,YES,YES,NO,YES,YES,YES,The Cosmopolitan Las Vegas,5,2959,North America,10,August,Sunday,7
UK,18,9,10,5,Sep-Nov,Couples,YES,YES,NO,YES,YES,YES,The Cosmopolitan Las Vegas,5,2959,Europe,1,September,Wednesday,3
Norway,6,6,7,5,Sep-Nov,Couples,YES,YES,NO,YES,YES,YES,The Cosmopolitan Las Vegas,5,2959,Europe,7,September,Tuesday,2
USA,103,5,98,5,Sep-Nov,Couples,YES,YES,NO,YES,YES,YES,The Cosmopolitan Las Vegas,5,2959,North America,7,October,Monday,1
UK,18,4,16,5,Sep-Nov,Friends,YES,YES,NO,YES,YES,YES,The Cosmopolitan Las Vegas,5,2959,Europe,0,October,Friday,5
Egypt,9,7,7,5,Sep-Nov,Business,YES,YES,NO,YES,YES,YES,The Cosmopolitan Las Vegas,5,2959,Africa,5,November,Wednesday,3
USA,50,19,45,5,Sep-Nov,Business,YES,YES,NO,YES,YES,YES,The Cosmopolitan Las Vegas,5,2959,North America,0,November,Friday,5
Canada,4,3,8,2,Dec-Feb,Couples,YES,YES,NO,YES,YES,YES,The Cosmopolitan Las Vegas,5,2959,North America,8,December,Tuesday,2
USA,7,3,8,5,Dec-Feb,Families,YES,YES,NO,YES,YES,YES,The Cosmopolitan Las Vegas,5,2959,North America,5,December,Sunday,7
Mexico,28,23,31,3,Dec-Feb,Couples,YES,YES,NO,YES,YES,YES,The Palazzo Resort Hotel Casino,5,3025,North America,4,January,Friday,5
USA,32,6,11,5,Dec-Feb,Families,YES,YES,NO,YES,YES,YES,The Palazzo Resort Hotel Casino,5,3025,North America,10,January,Friday,5
Canada,4,0,4,5,Dec-Feb,Couples,YES,YES,NO,YES,YES,YES,The Palazzo Resort Hotel Casino,5,3025,North America,9,February,Friday,5
USA,37,8,9,4,Dec-Feb,Couples,YES,YES,NO,YES,YES,YES,The Palazzo Resort Hotel Casino,5,3025,North America,3,February,Tuesday,2
Canada,10,3,7,5,Mar-May,Families,YES,YES,NO,YES,YES,YES,The Palazzo Resort Hotel Casino,5,3025,North America,6,March,Wednesday,3
Canada,36,30,80,5,Mar-May,Families,YES,YES,NO,YES,YES,YES,The Palazzo Resort Hotel Casino,5,3025,North America,8,March,Friday,5
USA,31,10,14,4,Mar-May,Couples,YES,YES,NO,YES,YES,YES,The Palazzo Resort Hotel Casino,5,3025,North America,5,April,Sunday,7
Canada,66,33,60,5,Mar-May,Couples,YES,YES,NO,YES,YES,YES,The Palazzo Resort Hotel Casino,5,3025,North America,10,April,Saturday,6
France,17,4,8,5,Mar-May,Couples,YES,YES,NO,YES,YES,YES,The Palazzo Resort Hotel Casino,5,3025,Europe,0,May,Saturday,6
UK,57,20,71,5,Mar-May,Business,YES,YES,NO,YES,YES,YES,The Palazzo Resort Hotel Casino,5,3025,Europe,0,May,Friday,5
USA,42,8,22,4,Jun-Aug,Friends,YES,YES,NO,YES,YES,YES,The Palazzo Resort Hotel Casino,5,3025,North America,6,June,Monday,1
USA,28,20,14,3,Jun-Aug,Couples,YES,YES,NO,YES,YES,YES,The Palazzo Resort Hotel Casino,5,3025,North America,8,June,Friday,5
Spain,19,8,10,4,Jun-Aug,Friends,YES,YES,NO,YES,YES,YES,The Palazzo Resort Hotel Casino,5,3025,Europe,3,July,Wednesday,3
USA,20,11,21,5,Jun-Aug,Families,YES,YES,NO,YES,YES,YES,The Palazzo Resort Hotel Casino,5,3025,North America,9,July,Friday,5
UK,75,19,93,4,Jun-Aug,Friends,YES,YES,NO,YES,YES,YES,The Palazzo Resort Hotel Casino,5,3025,Europe,8,August,Sunday,7
USA,91,16,26,4,Jun-Aug,Business,YES,YES,NO,YES,YES,YES,The Palazzo Resort Hotel Casino,5,3025,North America,3,August,Wednesday,3
UK,52,48,78,3,Sep-Nov,Friends,YES,YES,NO,YES,YES,YES,The Palazzo Resort Hotel Casino,5,3025,Europe,8,September,Saturday,6
USA,93,4,8,5,Sep-Nov,Families,YES,YES,NO,YES,YES,YES,The Palazzo Resort Hotel Casino,5,3025,North America,2,September,Saturday,6
Canada,9,3,15,5,Sep-Nov,Families,YES,YES,NO,YES,YES,YES,The Palazzo Resort Hotel Casino,5,3025,North America,1,October,Wednesday,3
Australia,5,3,9,5,Sep-Nov,Couples,YES,YES,NO,YES,YES,YES,The Palazzo Resort Hotel Casino,5,3025,Oceania,2,October,Thursday,4
Singapore,37,7,10,5,Sep-Nov,Friends,YES,YES,NO,YES,YES,YES,The Palazzo Resort Hotel Casino,5,3025,Asia,0,November,Sunday,7
Brazil,31,25,35,3,Sep-Nov,Families,YES,YES,NO,YES,YES,YES,The Palazzo Resort Hotel Casino,5,3025,South America,7,November,Sunday,7
USA,6,4,4,5,Dec-Feb,Couples,YES,YES,NO,YES,YES,YES,The Palazzo Resort Hotel Casino,5,3025,North America,7,December,Thursday,4
USA,252,55,113,4,Dec-Feb,Families,YES,YES,NO,YES,YES,YES,The Palazzo Resort Hotel Casino,5,3025,North America,8,December,Monday,1
USA,164,48,82,5,Dec-Feb,Couples,YES,YES,YES,YES,YES,YES,Wynn Las Vegas,5,2700,North America,4,January,Saturday,6
USA,5,3,9,5,Dec-Feb,Families,YES,YES,YES,YES,YES,YES,Wynn Las Vegas,5,2700,North America,4,January,Tuesday,2
Canada,7,5,20,4,Dec-Feb,Couples,YES,YES,YES,YES,YES,YES,Wynn Las Vegas,5,2700,North America,3,February,Saturday,6
USA,18,11,15,5,Dec-Feb,Couples,YES,YES,YES,YES,YES,YES,Wynn Las Vegas,5,2700,North America,7,February,Tuesday,2
USA,20,13,16,5,Mar-May,Friends,YES,YES,YES,YES,YES,YES,Wynn Las Vegas,5,2700,North America,6,March,Friday,5
USA,21,5,12,4,Mar-May,Business,YES,YES,YES,YES,YES,YES,Wynn Las Vegas,5,2700,North America,8,March,Monday,1
USA,125,35,48,5,Mar-May,Business,YES,YES,YES,YES,YES,YES,Wynn Las Vegas,5,2700,North America,4,April,Sunday,7
USA,11,7,10,4,Mar-May,Couples,YES,YES,YES,YES,YES,YES,Wynn Las Vegas,5,2700,North America,1,April,Monday,1
Singapore,16,10,16,3,Mar-May,Solo,YES,YES,YES,YES,YES,YES,Wynn Las Vegas,5,2700,Asia,7,May,Monday,1
UK,19,5,5,5,Mar-May,Couples,YES,YES,YES,YES,YES,YES,Wynn Las Vegas,5,2700,Europe,3,May,Monday,1
USA,73,27,365,5,Jun-Aug,Couples,YES,YES,YES,YES,YES,YES,Wynn Las Vegas,5,2700,North America,6,June,Wednesday,3
USA,5,4,4,5,Jun-Aug,Couples,YES,YES,YES,YES,YES,YES,Wynn Las Vegas,5,2700,North America,11,June,Wednesday,3
USA,30,10,17,5,Jun-Aug,Couples,YES,YES,YES,YES,YES,YES,Wynn Las Vegas,5,2700,North America,3,July,Monday,1
Canada,7,4,10,5,Jun-Aug,Couples,YES,YES,YES,YES,YES,YES,Wynn Las Vegas,5,2700,North America,3,July,Sunday,7
Canada,67,46,99,5,Jun-Aug,Couples,YES,YES,YES,YES,YES,YES,Wynn Las Vegas,5,2700,North America,6,August,Sunday,7
Finland,18,13,25,5,Jun-Aug,Solo,YES,YES,YES,YES,YES,YES,Wynn Las Vegas,5,2700,Europe,9,August,Saturday,6
Canada,12,7,11,2,Sep-Nov,Business,YES,YES,YES,YES,YES,YES,Wynn Las Vegas,5,2700,North America,4,September,Monday,1
Canada,40,12,26,5,Sep-Nov,Friends,YES,YES,YES,YES,YES,YES,Wynn Las Vegas,5,2700,North America,7,September,Saturday,6
USA,142,17,31,4,Sep-Nov,Couples,YES,YES,YES,YES,YES,YES,Wynn Las Vegas,5,2700,North America,3,October,Monday,1
UK,8,4,16,5,Sep-Nov,Couples,YES,YES,YES,YES,YES,YES,Wynn Las Vegas,5,2700,Europe,7,October,Saturday,6
Costa Rica,15,9,3,5,Sep-Nov,Business,YES,YES,YES,YES,YES,YES,Wynn Las Vegas,5,2700,North America,2,November,Monday,1
UK,2,18,14,5,Sep-Nov,Couples,YES,YES,YES,YES,YES,YES,Wynn Las Vegas,5,2700,Europe,8,November,Wednesday,3
UK,10,6,10,5,Dec-Feb,Couples,YES,YES,YES,YES,YES,YES,Wynn Las Vegas,5,2700,Europe,5,December,Tuesday,2
USA,16,13,55,5,Dec-Feb,Couples,YES,YES,YES,YES,YES,YES,Wynn Las Vegas,5,2700,North America,9,December,Tuesday,2
UK,21,7,13,5,Dec-Feb,Solo,YES,YES,NO,YES,YES,YES,Trump International Hotel Las Vegas,5,1282,Europe,10,January,Tuesday,2
India,69,58,41,5,Dec-Feb,Business,YES,YES,NO,YES,YES,YES,Trump International Hotel Las Vegas,5,1282,Asia,5,January,Saturday,6
USA,33,13,8,5,Dec-Feb,Business,YES,YES,NO,YES,YES,YES,Trump International Hotel Las Vegas,5,1282,North America,5,February,Wednesday,3
USA,1,0,2,5,Dec-Feb,Families,YES,YES,NO,YES,YES,YES,Trump International Hotel Las Vegas,5,1282,North America,0,February,Tuesday,2
USA,49,8,23,5,Mar-May,Couples,YES,YES,NO,YES,YES,YES,Trump International Hotel Las Vegas,5,1282,North America,5,March,Monday,1
USA,775,52,255,3,Mar-May,Couples,YES,YES,NO,YES,YES,YES,Trump International Hotel Las Vegas,5,1282,North America,2,March,Wednesday,3
United Arab Emirates,16,7,6,4,Mar-May,Couples,YES,YES,NO,YES,YES,YES,Trump International Hotel Las Vegas,5,1282,Asia,7,April,Monday,1
USA,1,0,1,5,Mar-May,Couples,YES,YES,NO,YES,YES,YES,Trump International Hotel Las Vegas,5,1282,North America,0,April,Wednesday,3
Singapore,19,11,17,4,Mar-May,Families,YES,YES,NO,YES,YES,YES,Trump International Hotel Las Vegas,5,1282,Asia,7,May,Friday,5
Brazil,7,4,8,5,Mar-May,Families,YES,YES,NO,YES,YES,YES,Trump International Hotel Las Vegas,5,1282,South America,7,May,Sunday,7
USA,38,18,16,5,Jun-Aug,Couples,YES,YES,NO,YES,YES,YES,Trump International Hotel Las Vegas,5,1282,North America,8,June,Sunday,7
USA,48,14,30,5,Jun-Aug,Business,YES,YES,NO,YES,YES,YES,Trump International Hotel Las Vegas,5,1282,North America,9,June,Wednesday,3
Canada,136,20,55,5,Jun-Aug,Families,YES,YES,NO,YES,YES,YES,Trump International Hotel Las Vegas,5,1282,North America,3,July,Sunday,7
USA,26,8,1,4,Jun-Aug,Families,YES,YES,NO,YES,YES,YES,Trump International Hotel Las Vegas,5,1282,North America,6,July,Monday,1
Iran,3,3,2,4,Jun-Aug,Couples,YES,YES,NO,YES,YES,YES,Trump International Hotel Las Vegas,5,1282,Asia,4,August,Sunday,7
USA,78,17,24,5,Jun-Aug,Couples,YES,YES,NO,YES,YES,YES,Trump International Hotel Las Vegas,5,1282,North America,5,August,Monday,1
UK,24,18,12,5,Sep-Nov,Families,YES,YES,NO,YES,YES,YES,Trump International Hotel Las Vegas,5,1282,Europe,0,September,Thursday,4
Egypt,2,0,15,1,Sep-Nov,Families,YES,YES,NO,YES,YES,YES,Trump International Hotel Las Vegas,5,1282,Africa,1,September,Monday,1
Ireland,4,3,3,5,Sep-Nov,Friends,YES,YES,NO,YES,YES,YES,Trump International Hotel Las Vegas,5,1282,Europe,11,October,Thursday,4
Australia,11,7,17,5,Sep-Nov,Couples,YES,YES,NO,YES,YES,YES,Trump International Hotel Las Vegas,5,1282,Oceania,2,October,Saturday,6
Germany,1,0,1,2,Sep-Nov,Couples,YES,YES,NO,YES,YES,YES,Trump International Hotel Las Vegas,5,1282,Europe,0,November,Wednesday,3
Australia,35,16,17,4,Sep-Nov,Families,YES,YES,NO,YES,YES,YES,Trump International Hotel Las Vegas,5,1282,Oceania,2,November,Tuesday,2
USA,110,19,76,4,Dec-Feb,Business,YES,YES,NO,YES,YES,YES,Trump International Hotel Las Vegas,5,1282,North America,2,December,Tuesday,2
USA,53,25,24,5,Dec-Feb,Couples,YES,YES,NO,YES,YES,YES,Trump International Hotel Las Vegas,5,1282,North America,3,December,Sunday,7
Thailand,3,3,20,1,Dec-Feb,Business,YES,YES,NO,YES,YES,YES,Encore at wynn Las Vegas,5,2034,Asia,5,January,Tuesday,2
USA,46,12,87,5,Dec-Feb,Couples,YES,YES,NO,YES,YES,YES,Encore at wynn Las Vegas,5,2034,North America,3,January,Tuesday,2
UK,127,40,81,4,Dec-Feb,Couples,YES,YES,NO,YES,YES,YES,Encore at wynn Las Vegas,5,2034,Europe,8,February,Thursday,4
USA,15,5,12,5,Dec-Feb,Business,YES,YES,NO,YES,YES,YES,Encore at wynn Las Vegas,5,2034,North America,4,February,Sunday,7
USA,16,14,23,5,Mar-May,Couples,YES,YES,NO,YES,YES,YES,Encore at wynn Las Vegas,5,2034,North America,7,March,Friday,5
USA,113,38,27,4,Mar-May,Friends,YES,YES,NO,YES,YES,YES,Encore at wynn Las Vegas,5,2034,North America,1,March,Tuesday,2
UK,7,5,5,3,Mar-May,Families,YES,YES,NO,YES,YES,YES,Encore at wynn Las Vegas,5,2034,Europe,7,April,Monday,1
Honduras,73,32,99,4,Mar-May,Friends,YES,YES,NO,YES,YES,YES,Encore at wynn Las Vegas,5,2034,South America,10,April,Thursday,4
USA,35,12,3,5,Mar-May,Business,YES,YES,NO,YES,YES,YES,Encore at wynn Las Vegas,5,2034,North America,2,May,Friday,5
UK,139,20,86,5,Mar-May,Friends,YES,YES,NO,YES,YES,YES,Encore at wynn Las Vegas,5,2034,Europe,5,May,Monday,1
UK,28,12,30,5,Jun-Aug,Couples,YES,YES,NO,YES,YES,YES,Encore at wynn Las Vegas,5,2034,Europe,2,June,Saturday,6
USA,34,8,26,4,Jun-Aug,Business,YES,YES,NO,YES,YES,YES,Encore at wynn Las Vegas,5,2034,North America,4,June,Tuesday,2
USA,4,3,5,5,Jun-Aug,Friends,YES,YES,NO,YES,YES,YES,Encore at wynn Las Vegas,5,2034,North America,3,July,Thursday,4
USA,32,11,14,5,Jun-Aug,Families,YES,YES,NO,YES,YES,YES,Encore at wynn Las Vegas,5,2034,North America,3,July,Sunday,7
UK,9,3,4,5,Jun-Aug,Families,YES,YES,NO,YES,YES,YES,Encore at wynn Las Vegas,5,2034,Europe,1,August,Thursday,4
USA,333,58,200,5,Jun-Aug,Families,YES,YES,NO,YES,YES,YES,Encore at wynn Las Vegas,5,2034,North America,4,August,Sunday,7
USA,29,11,15,5,Sep-Nov,Couples,YES,YES,NO,YES,YES,YES,Encore at wynn Las Vegas,5,2034,North America,6,September,Monday,1
UK,85,43,68,5,Sep-Nov,Friends,YES,YES,NO,YES,YES,YES,Encore at wynn Las Vegas,5,2034,Europe,5,September,Wednesday,3
USA,12,5,1,5,Sep-Nov,Couples,YES,YES,NO,YES,YES,YES,Encore at wynn Las Vegas,5,2034,North America,5,October,Friday,5
UK,34,10,7,4,Sep-Nov,Business,YES,YES,NO,YES,YES,YES,Encore at wynn Las Vegas,5,2034,Europe,4,October,Thursday,4
India,13,7,8,5,Sep-Nov,Couples,YES,YES,NO,YES,YES,YES,Encore at wynn Las Vegas,5,2034,Asia,5,November,Sunday,7
USA,5,5,14,5,Sep-Nov,Couples,YES,YES,NO,YES,YES,YES,Encore at wynn Las Vegas,5,2034,North America,5,November,Sunday,7
USA,169,25,41,5,Dec-Feb,Friends,YES,YES,NO,YES,YES,YES,Encore at wynn Las Vegas,5,2034,North America,8,December,Tuesday,2
USA,11,10,6,5,Dec-Feb,Business,YES,YES,NO,YES,YES,YES,Encore at wynn Las Vegas,5,2034,North America,7,December,Tuesday,2
USA,167,71,119,5,Dec-Feb,Couples,YES,YES,YES,YES,YES,YES,Tuscany Las Vegas Suites & Casino,3,716,North America,8,January,Saturday,6
USA,25,5,12,5,Dec-Feb,Friends,YES,YES,YES,YES,YES,YES,Tuscany Las Vegas Suites & Casino,3,716,North America,8,January,Thursday,4
UK,12,12,6,3,Dec-Feb,Business,YES,YES,YES,YES,YES,YES,Tuscany Las Vegas Suites & Casino,3,716,Europe,4,February,Friday,5
USA,608,117,319,5,Dec-Feb,Business,YES,YES,YES,YES,YES,YES,Tuscany Las Vegas Suites & Casino,3,716,North America,5,February,Saturday,6
USA,5,4,3,5,Mar-May,Friends,YES,YES,YES,YES,YES,YES,Tuscany Las Vegas Suites & Casino,3,716,North America,8,March,Sunday,7
USA,26,17,34,5,Mar-May,Couples,YES,YES,YES,YES,YES,YES,Tuscany Las Vegas Suites & Casino,3,716,North America,7,March,Thursday,4
Brazil,11,5,9,5,Mar-May,Couples,YES,YES,YES,YES,YES,YES,Tuscany Las Vegas Suites & Casino,3,716,South America,7,April,Monday,1
USA,39,10,13,4,Mar-May,Couples,YES,YES,YES,YES,YES,YES,Tuscany Las Vegas Suites & Casino,3,716,North America,3,April,Wednesday,3
India,1,0,3,2,Mar-May,Families,YES,YES,YES,YES,YES,YES,Tuscany Las Vegas Suites & Casino,3,716,Asia,0,May,Thursday,4
USA,108,20,22,3,Mar-May,Business,YES,YES,YES,YES,YES,YES,Tuscany Las Vegas Suites & Casino,3,716,North America,5,May,Thursday,4
Malaysia,119,20,46,5,Jun-Aug,Friends,YES,YES,YES,YES,YES,YES,Tuscany Las Vegas Suites & Casino,3,716,Asia,1,June,Sunday,7
USA,27,15,17,3,Jun-Aug,Couples,YES,YES,YES,YES,YES,YES,Tuscany Las Vegas Suites & Casino,3,716,North America,6,June,Tuesday,2
Germany,55,55,134,5,Jun-Aug,Couples,YES,YES,YES,YES,YES,YES,Tuscany Las Vegas Suites & Casino,3,716,Europe,5,July,Wednesday,3
Canada,7,3,7,4,Jun-Aug,Business,YES,YES,YES,YES,YES,YES,Tuscany Las Vegas Suites & Casino,3,716,North America,3,July,Friday,5
Canada,3,3,2,3,Jun-Aug,Business,YES,YES,YES,YES,YES,YES,Tuscany Las Vegas Suites & Casino,3,716,North America,0,August,Wednesday,3
USA,11,3,19,4,Jun-Aug,Couples,YES,YES,YES,YES,YES,YES,Tuscany Las Vegas Suites & Casino,3,716,North America,6,August,Monday,1
Australia,27,15,16,5,Sep-Nov,Couples,YES,YES,YES,YES,YES,YES,Tuscany Las Vegas Suites & Casino,3,716,Oceania,5,September,Sunday,7
USA,13,4,6,5,Sep-Nov,Couples,YES,YES,YES,YES,YES,YES,Tuscany Las Vegas Suites & Casino,3,716,North America,0,September,Wednesday,3
UK,19,11,14,3,Sep-Nov,Couples,YES,YES,YES,YES,YES,YES,Tuscany Las Vegas Suites & Casino,3,716,Europe,5,October,Sunday,7
Canada,38,12,17,5,Sep-Nov,Business,YES,YES,YES,YES,YES,YES,Tuscany Las Vegas Suites & Casino,3,716,North America,7,October,Friday,5
USA,167,71,119,4,Sep-Nov,Couples,YES,YES,YES,YES,YES,YES,Tuscany Las Vegas Suites & Casino,3,716,North America,8,November,Sunday,7
USA,28,6,9,3,Sep-Nov,Business,YES,YES,YES,YES,YES,YES,Tuscany Las Vegas Suites & Casino,3,716,North America,3,November,Tuesday,2
Canada,9,8,5,5,Dec-Feb,Families,YES,YES,YES,YES,YES,YES,Tuscany Las Vegas Suites & Casino,3,716,North America,4,December,Sunday,7
USA,13,4,4,5,Dec-Feb,Friends,YES,YES,YES,YES,YES,YES,Tuscany Las Vegas Suites & Casino,3,716,North America,5,December,Tuesday,2
USA,65,24,72,3,Dec-Feb,Business,YES,YES,NO,NO,NO,YES,Hilton Grand Vacations at the Flamingo,3,315,North America,6,January,Monday,1
USA,8,3,3,5,Dec-Feb,Couples,YES,YES,NO,NO,NO,YES,Hilton Grand Vacations at the Flamingo,3,315,North America,3,January,Thursday,4
UK,61,13,26,2,Dec-Feb,Couples,YES,YES,NO,NO,NO,YES,Hilton Grand Vacations at the Flamingo,3,315,Europe,4,February,Sunday,7
USA,3,3,8,2,Dec-Feb,Families,YES,YES,NO,NO,NO,YES,Hilton Grand Vacations at the Flamingo,3,315,North America,1,February,Saturday,6
USA,66,13,21,5,Mar-May,Friends,YES,YES,NO,NO,NO,YES,Hilton Grand Vacations at the Flamingo,3,315,North America,9,March,Friday,5
Hawaii,9,7,4,5,Mar-May,Couples,YES,YES,NO,NO,NO,YES,Hilton Grand Vacations at the Flamingo,3,315,North America,2,March,Tuesday,2
Hawaii,82,14,61,3,Mar-May,Families,YES,YES,NO,NO,NO,YES,Hilton Grand Vacations at the Flamingo,3,315,North America,1,April,Wednesday,3
Canada,113,48,33,3,Mar-May,Families,YES,YES,NO,NO,NO,YES,Hilton Grand Vacations at the Flamingo,3,315,North America,4,April,Sunday,7
USA,11,8,12,3,Mar-May,Friends,YES,YES,NO,NO,NO,YES,Hilton Grand Vacations at the Flamingo,3,315,North America,6,May,Sunday,7
Canada,2,1,1,3,Mar-May,Families,YES,YES,NO,NO,NO,YES,Hilton Grand Vacations at the Flamingo,3,315,North America,3,May,Tuesday,2
USA,31,11,24,5,Jun-Aug,Couples,YES,YES,NO,NO,NO,YES,Hilton Grand Vacations at the Flamingo,3,315,North America,2,June,Wednesday,3
Australia,32,12,22,4,Jun-Aug,Couples,YES,YES,NO,NO,NO,YES,Hilton Grand Vacations at the Flamingo,3,315,Oceania,5,June,Wednesday,3
USA,56,7,25,3,Jun-Aug,Families,YES,YES,NO,NO,NO,YES,Hilton Grand Vacations at the Flamingo,3,315,North America,7,July,Sunday,7
Canada,45,6,22,5,Jun-Aug,Couples,YES,YES,NO,NO,NO,YES,Hilton Grand Vacations at the Flamingo,3,315,North America,3,July,Thursday,4
USA,17,4,4,4,Jun-Aug,Families,YES,YES,NO,NO,NO,YES,Hilton Grand Vacations at the Flamingo,3,315,North America,0,August,Sunday,7
USA,23,23,11,5,Jun-Aug,Families,YES,YES,NO,NO,NO,YES,Hilton Grand Vacations at the Flamingo,3,315,North America,1,August,Sunday,7
Canada,56,18,24,5,Sep-Nov,Friends,YES,YES,NO,NO,NO,YES,Hilton Grand Vacations at the Flamingo,3,315,North America,4,September,Saturday,6
USA,290,263,300,4,Sep-Nov,Business,YES,YES,NO,NO,NO,YES,Hilton Grand Vacations at the Flamingo,3,315,North America,10,September,Saturday,6
Australia,26,7,9,4,Sep-Nov,Families,YES,YES,NO,NO,NO,YES,Hilton Grand Vacations at the Flamingo,3,315,Oceania,0,October,Friday,5
India,116,44,53,4,Sep-Nov,Couples,YES,YES,NO,NO,NO,YES,Hilton Grand Vacations at the Flamingo,3,315,Asia,5,October,Saturday,6
Czech Republic,14,5,15,4,Sep-Nov,Business,YES,YES,NO,NO,NO,YES,Hilton Grand Vacations at the Flamingo,3,315,Europe,5,November,Thursday,4
USA,13,7,1,5,Sep-Nov,Business,YES,YES,NO,NO,NO,YES,Hilton Grand Vacations at the Flamingo,3,315,North America,4,November,Sunday,7
USA,20,9,25,4,Dec-Feb,Couples,YES,YES,NO,NO,NO,YES,Hilton Grand Vacations at the Flamingo,3,315,North America,8,December,Tuesday,2
Mexico,3,3,3,5,Dec-Feb,Families,YES,YES,NO,NO,NO,YES,Hilton Grand Vacations at the Flamingo,3,315,North America,2,December,Wednesday,3
Ireland,31,11,20,4,Dec-Feb,Business,YES,YES,NO,YES,YES,YES,The Venetian Las Vegas Hotel,5,4027,Europe,2,January,Friday,5
USA,20,6,9,5,Dec-Feb,Solo,YES,YES,NO,YES,YES,YES,The Venetian Las Vegas Hotel,5,4027,North America,0,January,Wednesday,3
USA,60,16,15,4,Dec-Feb,Families,YES,YES,NO,YES,YES,YES,The Venetian Las Vegas Hotel,5,4027,North America,5,February,Saturday,6
Mexico,1,0,2,5,Dec-Feb,Couples,YES,YES,NO,YES,YES,YES,The Venetian Las Vegas Hotel,5,4027,North America,0,February,Sunday,7
USA,9,3,13,3,Mar-May,Couples,YES,YES,NO,YES,YES,YES,The Venetian Las Vegas Hotel,5,4027,North America,2,March,Thursday,4
USA,19,7,5,5,Mar-May,Couples,YES,YES,NO,YES,YES,YES,The Venetian Las Vegas Hotel,5,4027,North America,5,March,Wednesday,3
Israel,116,78,206,5,Mar-May,Couples,YES,YES,NO,YES,YES,YES,The Venetian Las Vegas Hotel,5,4027,Asia,9,April,Sunday,7
Australia,22,13,26,4,Mar-May,Couples,YES,YES,NO,YES,YES,YES,The Venetian Las Vegas Hotel,5,4027,Oceania,2,April,Friday,5
Australia,83,10,26,4,Mar-May,Families,YES,YES,NO,YES,YES,YES,The Venetian Las Vegas Hotel,5,4027,Oceania,1,May,Tuesday,2
UK,20,3,9,5,Mar-May,Couples,YES,YES,NO,YES,YES,YES,The Venetian Las Vegas Hotel,5,4027,Europe,0,May,Monday,1
USA,7,5,6,5,Jun-Aug,Couples,YES,YES,NO,YES,YES,YES,The Venetian Las Vegas Hotel,5,4027,North America,1,June,Monday,1
USA,95,34,46,5,Jun-Aug,Business,YES,YES,NO,YES,YES,YES,The Venetian Las Vegas Hotel,5,4027,North America,6,June,Sunday,7
Australia,15,6,19,4,Jun-Aug,Couples,YES,YES,NO,YES,YES,YES,The Venetian Las Vegas Hotel,5,4027,Oceania,4,July,Wednesday,3
UK,13,7,12,4,Jun-Aug,Couples,YES,YES,NO,YES,YES,YES,The Venetian Las Vegas Hotel,5,4027,Europe,5,July,Sunday,7
Canada,19,8,24,5,Jun-Aug,Families,YES,YES,NO,YES,YES,YES,The Venetian Las Vegas Hotel,5,4027,North America,10,August,Wednesday,3
UK,21,6,15,5,Jun-Aug,Couples,YES,YES,NO,YES,YES,YES,The Venetian Las Vegas Hotel,5,4027,Europe,3,August,Saturday,6
UK,56,11,14,5,Sep-Nov,Couples,YES,YES,NO,YES,YES,YES,The Venetian Las Vegas Hotel,5,4027,Europe,5,September,Friday,5
UK,29,7,15,5,Sep-Nov,Couples,YES,YES,NO,YES,YES,YES,The Venetian Las Vegas Hotel,5,4027,Europe,7,September,Thursday,4
Brazil,20,0,8,5,Sep-Nov,Couples,YES,YES,NO,YES,YES,YES,The Venetian Las Vegas Hotel,5,4027,South America,2,October,Friday,5
UK,39,20,31,4,Sep-Nov,Couples,YES,YES,NO,YES,YES,YES,The Venetian Las Vegas Hotel,5,4027,Europe,8,October,Thursday,4
Switzerland,9,6,3,5,Sep-Nov,Friends,YES,YES,NO,YES,YES,YES,The Venetian Las Vegas Hotel,5,4027,Europe,5,November,Saturday,6
Australia,43,38,29,5,Sep-Nov,Couples,YES,YES,NO,YES,YES,YES,The Venetian Las Vegas Hotel,5,4027,Oceania,4,November,Saturday,6
Singapore,16,10,11,5,Dec-Feb,Families,YES,YES,NO,YES,YES,YES,The Venetian Las Vegas Hotel,5,4027,Asia,9,December,Thursday,4
USA,6,6,12,4,Dec-Feb,Couples,YES,YES,NO,YES,YES,YES,The Venetian Las Vegas Hotel,5,4027,North America,10,December,Wednesday,3
Australia,16,6,3,4,Dec-Feb,Solo,YES,YES,NO,YES,YES,YES,Bellagio Las Vegas,5,3933,Oceania,3,January,Saturday,6
USA,15,3,13,5,Dec-Feb,Families,YES,YES,NO,YES,YES,YES,Bellagio Las Vegas,5,3933,North America,5,January,Thursday,4
USA,30,6,26,4,Dec-Feb,Couples,YES,YES,NO,YES,YES,YES,Bellagio Las Vegas,5,3933,North America,3,February,Tuesday,2
USA,41,9,111,5,Dec-Feb,Business,YES,YES,NO,YES,YES,YES,Bellagio Las Vegas,5,3933,North America,1,February,Friday,5
India,44,35,53,5,Mar-May,Couples,YES,YES,NO,YES,YES,YES,Bellagio Las Vegas,5,3933,Asia,6,March,Tuesday,2
USA,30,9,17,2,Mar-May,Business,YES,YES,NO,YES,YES,YES,Bellagio Las Vegas,5,3933,North America,0,March,Tuesday,2
Ireland,23,10,18,5,Mar-May,Business,YES,YES,NO,YES,YES,YES,Bellagio Las Vegas,5,3933,Europe,4,April,Monday,1
Spain,3,0,8,2,Mar-May,Families,YES,YES,NO,YES,YES,YES,Bellagio Las Vegas,5,3933,Europe,3,April,Tuesday,2
UK,12,6,16,3,Mar-May,Friends,YES,YES,NO,YES,YES,YES,Bellagio Las Vegas,5,3933,Europe,3,May,Friday,5
UK,15,6,17,5,Mar-May,Couples,YES,YES,NO,YES,YES,YES,Bellagio Las Vegas,5,3933,Europe,1,May,Thursday,4
UK,5,0,5,5,Jun-Aug,Families,YES,YES,NO,YES,YES,YES,Bellagio Las Vegas,5,3933,Europe,0,June,Wednesday,3
USA,32,5,11,4,Jun-Aug,Business,YES,YES,NO,YES,YES,YES,Bellagio Las Vegas,5,3933,North America,6,June,Sunday,7
USA,28,5,23,5,Jun-Aug,Couples,YES,YES,NO,YES,YES,YES,Bellagio Las Vegas,5,3933,North America,5,July,Friday,5
Korea,77,18,48,4,Jun-Aug,Families,YES,YES,NO,YES,YES,YES,Bellagio Las Vegas,5,3933,Asia,10,July,Saturday,6
USA,11,8,2,4,Jun-Aug,Solo,YES,YES,NO,YES,YES,YES,Bellagio Las Vegas,5,3933,North America,0,August,Monday,1
Scotland,102,25,37,5,Jun-Aug,Families,YES,YES,NO,YES,YES,YES,Bellagio Las Vegas,5,3933,Europe,6,August,Sunday,7
Ireland,13,3,2,5,Sep-Nov,Couples,YES,YES,NO,YES,YES,YES,Bellagio Las Vegas,5,3933,Europe,6,September,Tuesday,2
USA,62,13,31,4,Sep-Nov,Business,YES,YES,NO,YES,YES,YES,Bellagio Las Vegas,5,3933,North America,2,September,Tuesday,2
UK,26,22,42,5,Sep-Nov,Couples,YES,YES,NO,YES,YES,YES,Bellagio Las Vegas,5,3933,Europe,5,October,Sunday,7
UK,13,6,12,4,Sep-Nov,Couples,YES,YES,NO,YES,YES,YES,Bellagio Las Vegas,5,3933,Europe,1,October,Saturday,6
UK,26,18,43,5,Sep-Nov,Friends,YES,YES,NO,YES,YES,YES,Bellagio Las Vegas,5,3933,Europe,4,November,Monday,1
Canada,17,10,39,5,Sep-Nov,Friends,YES,YES,NO,YES,YES,YES,Bellagio Las Vegas,5,3933,North America,3,November,Saturday,6
India,4,4,1,4,Dec-Feb,Business,YES,YES,NO,YES,YES,YES,Bellagio Las Vegas,5,3933,Asia,1,December,Monday,1
Malaysia,20,18,19,2,Dec-Feb,Families,YES,YES,NO,YES,YES,YES,Bellagio Las Vegas,5,3933,Asia,4,December,Friday,5
USA,14,3,7,4,Dec-Feb,Couples,YES,YES,NO,YES,YES,YES,Paris Las Vegas,4,2916,North America,7,January,Saturday,6
Canada,19,3,12,5,Dec-Feb,Couples,YES,YES,NO,YES,YES,YES,Paris Las Vegas,4,2916,North America,1,January,Wednesday,3
USA,4,4,2,2,Dec-Feb,Couples,YES,YES,NO,YES,YES,YES,Paris Las Vegas,4,2916,North America,1,February,Wednesday,3
USA,116,12,43,4,Dec-Feb,Friends,YES,YES,NO,YES,YES,YES,Paris Las Vegas,4,2916,North America,4,February,Tuesday,2
USA,121,13,59,2,Mar-May,Couples,YES,YES,NO,YES,YES,YES,Paris Las Vegas,4,2916,North America,9,March,Tuesday,2
USA,14,7,6,5,Mar-May,Couples,YES,YES,NO,YES,YES,YES,Paris Las Vegas,4,2916,North America,2,March,Friday,5
USA,56,16,54,4,Mar-May,Business,YES,YES,NO,YES,YES,YES,Paris Las Vegas,4,2916,North America,9,April,Tuesday,2
Canada,73,4,39,3,Mar-May,Friends,YES,YES,NO,YES,YES,YES,Paris Las Vegas,4,2916,North America,3,April,Monday,1
USA,9,5,4,5,Mar-May,Friends,YES,YES,NO,YES,YES,YES,Paris Las Vegas,4,2916,North America,6,May,Thursday,4
USA,137,42,51,3,Mar-May,Couples,YES,YES,NO,YES,YES,YES,Paris Las Vegas,4,2916,North America,5,May,Sunday,7
Australia,30,12,38,5,Jun-Aug,Couples,YES,YES,NO,YES,YES,YES,Paris Las Vegas,4,2916,Oceania,4,June,Saturday,6
Costa Rica,130,19,49,3,Jun-Aug,Couples,YES,YES,NO,YES,YES,YES,Paris Las Vegas,4,2916,North America,6,June,Sunday,7
USA,50,15,23,4,Jun-Aug,Couples,YES,YES,NO,YES,YES,YES,Paris Las Vegas,4,2916,North America,3,July,Friday,5
UK,22,9,11,4,Jun-Aug,Families,YES,YES,NO,YES,YES,YES,Paris Las Vegas,4,2916,Europe,3,July,Wednesday,3
Egypt,85,37,65,5,Jun-Aug,Families,YES,YES,NO,YES,YES,YES,Paris Las Vegas,4,2916,Africa,4,August,Friday,5
USA,73,7,26,5,Jun-Aug,Couples,YES,YES,NO,YES,YES,YES,Paris Las Vegas,4,2916,North America,3,August,Thursday,4
USA,20,10,27,4,Sep-Nov,Couples,YES,YES,NO,YES,YES,YES,Paris Las Vegas,4,2916,North America,2,September,Thursday,4
Canada,13,6,13,5,Sep-Nov,Couples,YES,YES,NO,YES,YES,YES,Paris Las Vegas,4,2916,North America,2,September,Tuesday,2
Canada,18,3,10,2,Sep-Nov,Couples,YES,YES,NO,YES,YES,YES,Paris Las Vegas,4,2916,North America,2,October,Monday,1
USA,6,4,6,5,Sep-Nov,Couples,YES,YES,NO,YES,YES,YES,Paris Las Vegas,4,2916,North America,0,October,Saturday,6
USA,48,8,25,4,Sep-Nov,Couples,YES,YES,NO,YES,YES,YES,Paris Las Vegas,4,2916,North America,6,November,Monday,1
USA,24,3,5,5,Sep-Nov,Couples,YES,YES,NO,YES,YES,YES,Paris Las Vegas,4,2916,North America,0,November,Sunday,7
Canada,123,26,63,5,Dec-Feb,Couples,YES,YES,NO,YES,YES,YES,Paris Las Vegas,4,2916,North America,4,December,Saturday,6
USA,24,7,6,4,Dec-Feb,Friends,YES,YES,NO,YES,YES,YES,Paris Las Vegas,4,2916,North America,1,December,Thursday,4
Canada,20,13,17,4,Dec-Feb,Couples,YES,YES,NO,YES,YES,YES,The Westin las Vegas Hotel Casino & Spa,4,826,North America,4,January,Monday,1
USA,15,3,4,3,Dec-Feb,Families,YES,YES,NO,YES,YES,YES,The Westin las Vegas Hotel Casino & Spa,4,826,North America,7,January,Tuesday,2
Italy,189,72,129,4,Dec-Feb,Solo,YES,YES,NO,YES,YES,YES,The Westin las Vegas Hotel Casino & Spa,4,826,Europe,3,February,Friday,5
USA,25,19,27,3,Dec-Feb,Couples,YES,YES,NO,YES,YES,YES,The Westin las Vegas Hotel Casino & Spa,4,826,North America,8,February,Monday,1
USA,33,11,12,5,Mar-May,Business,YES,YES,NO,YES,YES,YES,The Westin las Vegas Hotel Casino & Spa,4,826,North America,4,March,Wednesday,3
USA,14,7,13,5,Mar-May,Friends,YES,YES,NO,YES,YES,YES,The Westin las Vegas Hotel Casino & Spa,4,826,North America,4,March,Thursday,4
USA,38,22,47,4,Mar-May,Business,YES,YES,NO,YES,YES,YES,The Westin las Vegas Hotel Casino & Spa,4,826,North America,4,April,Monday,1
Egypt,169,43,85,4,Mar-May,Solo,YES,YES,NO,YES,YES,YES,The Westin las Vegas Hotel Casino & Spa,4,826,Africa,12,April,Sunday,7
USA,20,17,21,3,Mar-May,Friends,YES,YES,NO,YES,YES,YES,The Westin las Vegas Hotel Casino & Spa,4,826,North America,4,May,Sunday,7
USA,17,10,18,4,Mar-May,Couples,YES,YES,NO,YES,YES,YES,The Westin las Vegas Hotel Casino & Spa,4,826,North America,3,May,Tuesday,2
USA,96,47,161,4,Jun-Aug,Solo,YES,YES,NO,YES,YES,YES,The Westin las Vegas Hotel Casino & Spa,4,826,North America,11,June,Monday,1
USA,38,13,11,3,Jun-Aug,Business,YES,YES,NO,YES,YES,YES,The Westin las Vegas Hotel Casino & Spa,4,826,North America,5,June,Sunday,7
India,12,11,9,4,Jun-Aug,Families,YES,YES,NO,YES,YES,YES,The Westin las Vegas Hotel Casino & Spa,4,826,Asia,6,July,Monday,1
USA,9,8,1,5,Jun-Aug,Couples,YES,YES,NO,YES,YES,YES,The Westin las Vegas Hotel Casino & Spa,4,826,North America,6,July,Monday,1
USA,23,21,22,3,Jun-Aug,Families,YES,YES,NO,YES,YES,YES,The Westin las Vegas Hotel Casino & Spa,4,826,North America,7,August,Wednesday,3
USA,21,6,3,4,Jun-Aug,Couples,YES,YES,NO,YES,YES,YES,The Westin las Vegas Hotel Casino & Spa,4,826,North America,5,August,Tuesday,2
USA,30,27,19,5,Sep-Nov,Solo,YES,YES,NO,YES,YES,YES,The Westin las Vegas Hotel Casino & Spa,4,826,North America,6,September,Friday,5
USA,63,16,59,3,Sep-Nov,Couples,YES,YES,NO,YES,YES,YES,The Westin las Vegas Hotel Casino & Spa,4,826,North America,11,September,Wednesday,3
UK,35,3,25,5,Sep-Nov,Couples,YES,YES,NO,YES,YES,YES,The Westin las Vegas Hotel Casino & Spa,4,826,Europe,1,October,Monday,1
UK,15,4,8,5,Sep-Nov,Couples,YES,YES,NO,YES,YES,YES,The Westin las Vegas Hotel Casino & Spa,4,826,Europe,1,October,Sunday,7
Canada,50,13,29,4,Sep-Nov,Couples,YES,YES,NO,YES,YES,YES,The Westin las Vegas Hotel Casino & Spa,4,826,North America,8,November,Thursday,4
USA,154,23,31,4,Sep-Nov,Friends,YES,YES,NO,YES,YES,YES,The Westin las Vegas Hotel Casino & Spa,4,826,North America,4,November,Thursday,4
USA,9,6,5,2,Dec-Feb,Families,YES,YES,NO,YES,YES,YES,The Westin las Vegas Hotel Casino & Spa,4,826,North America,9,December,Wednesday,3
USA,20,19,112,4,Dec-Feb,Families,YES,YES,NO,YES,YES,YES,The Westin las Vegas Hotel Casino & Spa,4,826,North America,5,December,Tuesday,2